Audio Recorder,H5P.AudioRecorder 1.0,https://www.youtube-nocookie.com/embed/O73hIb7yxLg
Interactive Video,H5P.InteractiveVideo 1.21,https://www.youtube-nocookie.com/embed/7FnoeS8fxXg
Branching Scenario,H5P.BranchingScenario 1.1,https://www.youtube-nocookie.com/embed/6sOoeu_NUU4
Immersive Reader,H5P.ImmersiveReader 1.0,https://www.youtube-nocookie.com/embed/F0P53KBqYSs
Accordion,H5P.Accordion 1.0,https://www.youtube-nocookie.com/embed/dVDFwhy93Vc
Agamotto,H5P.Agamotto 1.5,https://www.youtube-nocookie.com/embed/5o9sGAVjnUc
Advanced Fill In The Blanks,H5P.AdvancedBlanks 1.0,https://www.youtube-nocookie.com/embed/f1yuOIUsVHA
Dictation,H5P.Dictation 1.0,https://www.youtube-nocookie.com/embed/JLYtQpB0JmY
Collage,H5P.Collage 0.3,https://www.youtube-nocookie.com/embed/TaV_Dj3kous
Dialog Cards,H5P.Dialogcards 1.8,https://www.youtube-nocookie.com/embed/Fh5zrkWgAjk
Geo Gebra 3D,H5P.GeoGebra3d 1.0,https://www.youtube-nocookie.com/embed/F0P53KBqYSs
Arithmetic Quiz,H5P.ArithmeticQuiz 1.1,https://www.youtube-nocookie.com/embed/Z61BUoL6k1Y
Chart,H5P.Chart 1.2,https://www.youtube-nocookie.com/embed/F0P53KBqYSs
Geo Gebra Geometry,H5P.GeoGebraGeometry 1.0,https://www.youtube-nocookie.com/embed/F0P53KBqYSs
Drag & Drop,H5P.DragQuestion 1.13,https://www.youtube-nocookie.com/embed/S_4qMIN2hoE
Spoken Answers,H5P.SpeakTheWords 1.3,https://www.youtube-nocookie.com/embed/lgzsJDcMvPI
Column Layout,H5P.Column 1.11,https://www.youtube-nocookie.com/embed/ngXSzWNYzU4
Documentation Tool,H5P.DocumentationTool 1.8,https://www.youtube-nocookie.com/embed/0pVTe7ooaW8
Course Presentation,H5P.CoursePresentation 1.22,https://www.youtube-nocookie.com/embed/b1_-JJWKh3w
Essay,H5P.Essay 1.2,https://www.youtube-nocookie.com/embed/d6WhXexBVnI
Iframe Embedder,H5P.IFrameEmbed 1.0,https://www.youtube-nocookie.com/embed/T_jP_G4nYoY
Geo Gebra Graphing,H5P.GeoGebraGraphing 1.0,https://www.youtube-nocookie.com/embed/F0P53KBqYSs
Flash Cards,H5P.Flashcards 1.5,https://www.youtube-nocookie.com/embed/vgco6i3B-yc
Math Column,H5P.CurrikiMathColumn 1.0,https://www.youtube-nocookie.com/embed/F0P53KBqYSs
Summary,H5P.Summary 1.10,https://www.youtube-nocookie.com/embed/EuXbu4Y4EkU
Impressive Presentation,H5P.ImpressPresentation 1.0,https://www.youtube-nocookie.com/embed/F0P53KBqYSs
Guess The Answer,H5P.GuessTheAnswer 1.4,https://www.youtube-nocookie.com/embed/csMLYiMX2zs
Fill In The Blanks,H5P.Blanks 1.12,https://www.youtube-nocookie.com/embed/F0P53KBqYSs
Image Hotspot,H5P.ImageHotspots 1.8,https://www.youtube-nocookie.com/embed/5XFXY5pYG-M
Mark The Words,H5P.MarkTheWords 1.9,https://www.youtube-nocookie.com/embed/A5B2Py-o1jI
Documents Embed,H5P.DocumentsUpload 1.0,https://www.youtube-nocookie.com/embed/F0P53KBqYSs
Image Pairing,H5P.ImagePair 1.4,https://www.youtube-nocookie.com/embed/LdbtfHFGq5w
Timeline,H5P.Timeline 1.1,https://www.youtube-nocookie.com/embed/7JTpDzRgoW4
Image Juxtaposition,H5P.ImageJuxtaposition 1.4,https://www.youtube-nocookie.com/embed/aNUWJRoCSOY
Virtual Tour,H5P.ThreeImage 0.3,https://www.youtube-nocookie.com/embed/cZbxGLBOo9M
Personality Quiz,H5P.PersonalityQuiz 1.0,https://www.youtube-nocookie.com/embed/zY8CTNn5LVA
Image Sequencing,H5P.ImageSequencing 1.1,https://www.youtube-nocookie.com/embed/zrNAd3VMfyQ
Single Choice Set,H5P.SingleChoiceSet 1.11,https://www.youtube-nocookie.com/embed/mufRBzsqZEw
Image Slider,H5P.ImageSlider 1.0,https://www.youtube-nocookie.com/embed/CE5SyvPvjxU
True & False,H5P.TrueFalse 1.6,https://www.youtube-nocookie.com/embed/pbjfPVykP1M
Memory Game,H5P.MemoryGame 1.3,https://www.youtube-nocookie.com/embed/4FhblZzRh8c
Questionnaire,H5P.Questionnaire 1.2,https://www.youtube-nocookie.com/embed/zh3cXnEmLxg
Findthe Hotspot,H5P.ImageHotspotQuestion 1.8,https://www.youtube-nocookie.com/embed/Go6mE7mLNU8
Quiz,H5P.QuestionSet 1.17,https://www.youtube-nocookie.com/embed/t0vsfxiq1zk
Drag Text,H5P.DragText 1.8,https://www.youtube-nocookie.com/embed/UMbgmnXD5co
Word Find,H5P.FindTheWords 1.4,https://www.youtube-nocookie.com/embed/gx7a8FBvkUM
Interactive Book,H5P.InteractiveBook 1.2,https://www.youtube-nocookie.com/embed/F0P53KBqYSs
